"position","const","created","modified","description","Title","Title type","Directors","You rated","IMDb Rating","Runtime (mins)","Year","Genres","Num. Votes","Release Date (month/day/year)","URL"
"1","tt0113189","Wed Jun 28 00:00:00 2017","","","GoldenEye","Feature Film","Martin Campbell","6","7.2","130","1995","action, adventure, thriller","207138","1995-11-13","http://www.imdb.com/title/tt0113189/"
"2","tt0444653","Tue Jun 27 00:00:00 2017","","","Keeping Mum","Feature Film","Niall Johnson","6","6.8","99","2005","comedy, crime","29466","2005-12-02","http://www.imdb.com/title/tt0444653/"
"3","tt1127180","Tue Jun 27 00:00:00 2017","","","Drag Me to Hell","Feature Film","Sam Raimi","7","6.6","99","2009","horror, thriller","164898","2009-03-15","http://www.imdb.com/title/tt1127180/"
"4","tt5442430","Tue Jun 27 00:00:00 2017","","","Life","Feature Film","Daniel Espinosa","6","6.7","104","2017","horror, sci_fi, thriller","79899","2017-03-18","http://www.imdb.com/title/tt5442430/"
"5","tt3731562","Mon Jun 26 00:00:00 2017","","","Kong: Skull Island","Feature Film","Jordan Vogt-Roberts","6","6.8","118","2017","action, adventure, fantasy, sci_fi","110359","2017-02-28","http://www.imdb.com/title/tt3731562/"
"6","tt2763304","Sun Jun 11 00:00:00 2017","","","T2 Trainspotting","Feature Film","Danny Boyle","8","7.4","117","2017","drama","47794","2017-01-22","http://www.imdb.com/title/tt2763304/"
"7","tt4425200","Tue Jun  6 00:00:00 2017","","","John Wick: Chapter 2","Feature Film","Chad Stahelski","7","7.7","122","2017","action, crime, thriller","139704","2017-01-30","http://www.imdb.com/title/tt4425200/"
"8","tt5247022","Tue Jun  6 00:00:00 2017","","","Paterson","Feature Film","Jim Jarmusch","9","7.4","118","2016","comedy, drama, romance","28911","2016-05-16","http://www.imdb.com/title/tt5247022/"
"9","tt3315342","Tue May 30 00:00:00 2017","","","Logan","Feature Film","James Mangold","7","8.3","137","2017","action, drama, sci_fi, thriller","319149","2017-02-17","http://www.imdb.com/title/tt3315342/"
"10","tt5052448","Mon May 29 00:00:00 2017","","","Get Out","Feature Film","Jordan Peele","8","7.8","104","2017","horror, mystery","135607","2017-01-23","http://www.imdb.com/title/tt5052448/"
"11","tt1386588","Fri May 19 00:00:00 2017","","","The Other Guys","Feature Film","Adam McKay","7","6.7","107","2010","action, comedy, crime","200941","2010-08-02","http://www.imdb.com/title/tt1386588/"
"12","tt4262980","Tue May 16 00:00:00 2017","","","Shin Godzilla","Feature Film","Hideaki Anno, Cris George","7","6.8","120","2016","action, adventure, drama, horror, sci_fi","8915","2016-07-25","http://www.imdb.com/title/tt4262980/"
"13","tt0112688","Wed May 10 00:00:00 2017","","","Clockers","Feature Film","Spike Lee","6","6.9","128","1995","crime, drama, mystery","17383","1995-09-05","http://www.imdb.com/title/tt0112688/"
"14","tt0166396","Wed May 10 00:00:00 2017","","","Waking Ned Devine","Feature Film","Kirk Jones","6","7.4","91","1998","comedy","22228","1998-09-15","http://www.imdb.com/title/tt0166396/"
"15","tt0102266","Wed May 10 00:00:00 2017","","","The Last Boy Scout","Feature Film","Tony Scott","6","6.9","105","1991","action, thriller","79309","1991-12-12","http://www.imdb.com/title/tt0102266/"
"16","tt0112857","Thu Apr 27 00:00:00 2017","","","Devil in a Blue Dress","Feature Film","Carl Franklin","7","6.7","102","1995","crime, drama, mystery, thriller","14157","1995-09-16","http://www.imdb.com/title/tt0112857/"
"17","tt0196216","Thu Apr 27 00:00:00 2017","","","Small Time Crooks","Feature Film","Woody Allen","7","6.7","94","2000","comedy, crime","32554","2000-05-19","http://www.imdb.com/title/tt0196216/"
"18","tt0100685","Thu Apr 27 00:00:00 2017","","","State of Grace","Feature Film","Phil Joanou, Michael Lee Baron","7","7.3","134","1990","action, crime, drama, romance, thriller","17479","1990-09-14","http://www.imdb.com/title/tt0100685/"
"19","tt0103759","Thu Apr 27 00:00:00 2017","","","Bad Lieutenant","Feature Film","Abel Ferrara","7","7.1","96","1992","crime, drama, thriller","31287","1992-05-14","http://www.imdb.com/title/tt0103759/"
"20","tt0971209","Thu Apr 27 00:00:00 2017","","","A Perfect Getaway","Feature Film","David Twohy","6","6.5","98","2009","adventure, mystery, thriller","58858","2009-08-06","http://www.imdb.com/title/tt0971209/"
"21","tt0108149","Wed Apr 26 00:00:00 2017","","","Six Degrees of Separation","Feature Film","Fred Schepisi","8","6.9","112","1993","comedy, drama, mystery","17230","1993-12-08","http://www.imdb.com/title/tt0108149/"
"22","tt0115736","Wed Apr 26 00:00:00 2017","","","Bound","Feature Film","The Wachowski Brothers, The Wachowski Brothers","7","7.4","108","1996","crime, romance, thriller","43044","1996-08-31","http://www.imdb.com/title/tt0115736/"
"23","tt0115956","Wed Apr 26 00:00:00 2017","","","Courage Under Fire","Feature Film","Edward Zwick","6","6.6","116","1996","action, drama, mystery, thriller, war","42513","1996-07-12","http://www.imdb.com/title/tt0115956/"
"24","tt3783958","Wed Apr 26 00:00:00 2017","","","La La Land","Feature Film","Damien Chazelle","7","8.2","128","2016","comedy, drama, music, musical, romance","274544","2016-08-31","http://www.imdb.com/title/tt3783958/"
"25","tt0462504","Wed Apr 26 00:00:00 2017","","","Rescue Dawn","Feature Film","Werner Herzog","7","7.3","120","2006","adventure, biography, drama, war","88326","2006-09-09","http://www.imdb.com/title/tt0462504/"
"26","tt0360009","Tue Apr 25 00:00:00 2017","","","Spartan","Feature Film","David Mamet","6","6.6","106","2004","action, crime, drama, mystery, thriller","27193","2004-01-31","http://www.imdb.com/title/tt0360009/"
"27","tt4972582","Thu Apr 13 00:00:00 2017","","","Split","Feature Film","M. Night Shyamalan","7","7.3","117","2016","horror, thriller","177955","2016-09-26","http://www.imdb.com/title/tt4972582/"
"28","tt1441912","Thu Apr  6 00:00:00 2017","","","The Way","Feature Film","Emilio Estevez","7","7.4","123","2010","adventure, comedy, drama","24623","2010-09-10","http://www.imdb.com/title/tt1441912/"
"29","tt0127349","Mon Apr  3 00:00:00 2017","","","Waking the Dead","Feature Film","Keith Gordon","6","6.7","105","2000","drama, mystery, romance, thriller","6127","2000-01-22","http://www.imdb.com/title/tt0127349/"
"30","tt0165854","Sun Apr  2 00:00:00 2017","","","The Limey","Feature Film","Steven Soderbergh","7","7.1","89","1999","crime, drama, mystery, thriller","25549","1999-05-15","http://www.imdb.com/title/tt0165854/"
"31","tt2023690","Sun Apr  2 00:00:00 2017","","","Sightseers","Feature Film","Ben Wheatley","6","6.5","88","2012","adventure, comedy, crime, horror, romance","22344","2012-05-23","http://www.imdb.com/title/tt2023690/"
"32","tt0228786","Sun Apr  2 00:00:00 2017","","","The Crimson Rivers","Feature Film","Mathieu Kassovitz","7","6.9","106","2000","crime, mystery, thriller","50693","2000-09-27","http://www.imdb.com/title/tt0228786/"
"33","tt3708886","Sun Apr  2 00:00:00 2017","","","War on Everyone","Feature Film","John Michael McDonagh","6","5.9","98","2016","action, comedy","10498","2016-02-12","http://www.imdb.com/title/tt3708886/"
"34","tt0124901","Sat Apr  1 00:00:00 2017","","","Thursday","Feature Film","Skip Woods","7","7.2","87","1998","action, comedy, crime, drama, mystery, thriller","14637","1998-09-10","http://www.imdb.com/title/tt0124901/"
"35","tt0425061","Sat Apr  1 00:00:00 2017","","","Get Smart","Feature Film","Peter Segal","6","6.5","110","2008","action, adventure, comedy","174711","2008-06-19","http://www.imdb.com/title/tt0425061/"
"36","tt0109348","Fri Mar 31 00:00:00 2017","","","Bullets Over Broadway","Feature Film","Woody Allen","7","7.5","98","1994","comedy, crime","30863","1994-09-06","http://www.imdb.com/title/tt0109348/"
"37","tt3748528","Wed Mar 29 00:00:00 2017","","","Rogue One","Feature Film","Gareth Edwards","7","7.9","133","2016","action, adventure, sci_fi","336103","2016-12-10","http://www.imdb.com/title/tt3748528/"
"38","tt0106918","Wed Mar 29 00:00:00 2017","","","The Firm","Feature Film","Sydney Pollack","7","6.8","154","1993","drama, mystery, thriller","93981","1993-06-23","http://www.imdb.com/title/tt0106918/"
"39","tt0105585","Tue Mar 28 00:00:00 2017","","","Thunderheart","Feature Film","Michael Apted","7","6.8","119","1992","crime, mystery, thriller","11867","1992-04-03","http://www.imdb.com/title/tt0105585/"
"40","tt0464196","Tue Mar 28 00:00:00 2017","","","Severance","Feature Film","Christopher Smith","6","6.5","96","2006","comedy, horror, thriller","32895","2006-07-18","http://www.imdb.com/title/tt0464196/"
"41","tt1656190","Mon Mar 27 00:00:00 2017","","","Safe","Feature Film","Boaz Yakin","6","6.5","94","2012","action, crime, thriller","88551","2012-04-16","http://www.imdb.com/title/tt1656190/"
"42","tt0439815","Mon Mar 27 00:00:00 2017","","","Slither","Feature Film","James Gunn","7","6.5","95","2006","comedy, horror, sci_fi","64613","2006-03-31","http://www.imdb.com/title/tt0439815/"
"43","tt0421239","Sat Mar 25 00:00:00 2017","","","Red Eye","Feature Film","Wes Craven","6","6.5","85","2005","mystery, thriller","97738","2005-08-04","http://www.imdb.com/title/tt0421239/"
"44","tt0433362","Sat Mar 25 00:00:00 2017","","","Daybreakers","Feature Film","The Spierig Brothers, The Spierig Brothers","6","6.5","98","2009","action, horror, sci_fi, thriller","109478","2009-09-11","http://www.imdb.com/title/tt0433362/"
"45","tt0327850","Fri Mar 24 00:00:00 2017","","","The Rundown","Feature Film","Peter Berg","6","6.7","104","2003","action, adventure, comedy, thriller","86263","2003-09-22","http://www.imdb.com/title/tt0327850/"
"46","tt0089880","Fri Mar 24 00:00:00 2017","","","Rambo: First Blood Part II","Feature Film","George P. Cosmatos","6","6.4","96","1985","action, adventure, thriller, war","124629","1985-05-22","http://www.imdb.com/title/tt0089880/"
"47","tt2051879","Thu Mar 23 00:00:00 2017","","","Europa Report","Feature Film","Sebastián Cordero","7","6.5","90","2013","drama, mystery, sci_fi, thriller","56853","2013-06-15","http://www.imdb.com/title/tt2051879/"
"48","tt0113161","Thu Mar 23 00:00:00 2017","","","Get Shorty","Feature Film","Barry Sonnenfeld","7","6.9","105","1995","comedy, crime, thriller","65478","1995-10-20","http://www.imdb.com/title/tt0113161/"
"49","tt3647498","Thu Mar 23 00:00:00 2017","","","Blood Father","Feature Film","Jean-François Richet","6","6.4","88","2016","action, crime, drama, thriller","41303","2016-05-21","http://www.imdb.com/title/tt3647498/"
"50","tt0120735","Wed Mar 22 00:00:00 2017","","","Lock, Stock and Two Smoking Barrels","Feature Film","Guy Ritchie","8","8.2","107","1998","comedy, crime","442704","1998-08-23","http://www.imdb.com/title/tt0120735/"
"51","tt0105226","Tue Mar 21 00:00:00 2017","","","Red Rock West","Feature Film","John Dahl","7","7.0","98","1993","crime, drama, thriller","16579","1993-05-14","http://www.imdb.com/title/tt0105226/"
"52","tt0118926","Mon Mar 20 00:00:00 2017","","","The Dancer Upstairs","Feature Film","John Malkovich","7","7.0","132","2002","crime, drama, thriller","5759","2002-01-11","http://www.imdb.com/title/tt0118926/"
"53","tt0118111","Sun Mar 19 00:00:00 2017","","","Waiting for Guffman","Feature Film","Christopher Guest","6","7.6","84","1996","comedy","23419","1996-08-21","http://www.imdb.com/title/tt0118111/"
"54","tt0480669","Sun Mar 19 00:00:00 2017","","","Timecrimes","Feature Film","Nacho Vigalondo","7","7.2","92","2007","horror, mystery, sci_fi, thriller","45356","2007-09-20","http://www.imdb.com/title/tt0480669/"
"55","tt1282140","Sun Mar 19 00:00:00 2017","","","Easy A","Feature Film","Will Gluck","7","7.1","92","2010","comedy, drama, romance","296498","2010-09-11","http://www.imdb.com/title/tt1282140/"
"56","tt5700672","Sun Mar 19 00:00:00 2017","","","Train to Busan","Feature Film","Sang-ho Yeon","7","7.5","118","2016","action, drama, horror, thriller","62152","2016-05-13","http://www.imdb.com/title/tt5700672/"
"57","tt1272878","Sun Mar 19 00:00:00 2017","","","2 Guns","Feature Film","Baltasar Kormákur","7","6.7","109","2013","action, comedy, crime, thriller","166451","2013-07-30","http://www.imdb.com/title/tt1272878/"
"58","tt0386005","Sat Mar 18 00:00:00 2017","","","New Police Story","Feature Film","Benny Chan","6","7.0","123","2004","action, crime, drama, thriller","20427","2004-09-23","http://www.imdb.com/title/tt0386005/"
"59","tt0490215","Sat Mar 18 00:00:00 2017","","","Silence","Feature Film","Martin Scorsese","7","7.3","161","2016","adventure, drama, history","52932","2016-11-29","http://www.imdb.com/title/tt0490215/"
"60","tt0099173","Fri Mar 17 00:00:00 2017","","","Brain Dead","Feature Film","Adam Simon","7","6.1","85","1990","horror, mystery, sci_fi, thriller","2750","1990-01-19","http://www.imdb.com/title/tt0099173/"
"61","tt0083190","Fri Mar 17 00:00:00 2017","","","Thief","Feature Film","Michael Mann","7","7.4","122","1981","action, crime, drama, thriller","17817","1981-03-27","http://www.imdb.com/title/tt0083190/"
"62","tt0977855","Fri Mar 17 00:00:00 2017","","","Fair Game","Feature Film","Doug Liman","7","6.8","108","2010","biography, drama, thriller","40322","2010-05-20","http://www.imdb.com/title/tt0977855/"
"63","tt1783732","Fri Mar 17 00:00:00 2017","","","John Dies at the End","Feature Film","Don Coscarelli","9","6.4","99","2012","comedy, horror, sci_fi","31695","2012-01-23","http://www.imdb.com/title/tt1783732/"
"64","tt0281686","Fri Mar 17 00:00:00 2017","","","Bubba Ho-Tep","Feature Film","Don Coscarelli","7","7.2","92","2002","comedy, fantasy, horror, mystery","40351","2002-06-09","http://www.imdb.com/title/tt0281686/"
"65","tt0366780","Fri Mar 17 00:00:00 2017","","","Mirrormask","Feature Film","Dave McKean","7","6.9","101","2005","adventure, fantasy","20818","2005-01-25","http://www.imdb.com/title/tt0366780/"
"66","tt0119099","Fri Mar 17 00:00:00 2017","","","Fallen","Feature Film","Gregory Hoblit","7","7.0","124","1998","action, crime, drama, fantasy, mystery, thriller","62003","1998-01-16","http://www.imdb.com/title/tt0119099/"
"67","tt0122933","Fri Mar 17 00:00:00 2017","","","Analyze This","Feature Film","Harold Ramis","7","6.7","103","1999","comedy, crime","129171","1999-03-05","http://www.imdb.com/title/tt0122933/"
"68","tt0120907","Fri Mar 17 00:00:00 2017","","","eXistenZ","Feature Film","David Cronenberg","7","6.8","97","1999","action, horror, sci_fi, thriller","81037","1999-02-16","http://www.imdb.com/title/tt0120907/"
"69","tt3183660","Fri Mar 17 00:00:00 2017","","","Fantastic Beasts and Where to Find Them","Feature Film","David Yates","7","7.4","133","2016","adventure, family, fantasy","242699","2016-11-08","http://www.imdb.com/title/tt3183660/"
"70","tt0241527","Fri Mar 17 00:00:00 2017","","","Harry Potter and the Sorcerer's Stone","Feature Film","Chris Columbus","7","7.5","152","2001","adventure, family, fantasy","487239","2001-11-04","http://www.imdb.com/title/tt0241527/"
"71","tt0217869","Fri Mar 17 00:00:00 2017","","","Unbreakable","Feature Film","M. Night Shyamalan","7","7.2","106","2000","drama, mystery, sci_fi, thriller","273816","2000-11-14","http://www.imdb.com/title/tt0217869/"
"72","tt2980516","Fri Mar 17 00:00:00 2017","","","The Theory of Everything","Feature Film","James Marsh","9","7.7","123","2014","biography, drama, romance","302037","2014-09-07","http://www.imdb.com/title/tt2980516/"
"73","tt1515091","Fri Mar 17 00:00:00 2017","","","Sherlock Holmes: A Game of Shadows","Feature Film","Guy Ritchie","6","7.5","129","2011","action, adventure, crime, mystery, thriller","359295","2011-12-10","http://www.imdb.com/title/tt1515091/"
"74","tt0368891","Fri Mar 17 00:00:00 2017","","","National Treasure","Feature Film","Jon Turteltaub","6","6.9","131","2004","action, adventure, family, mystery, thriller","265496","2004-11-08","http://www.imdb.com/title/tt0368891/"
"75","tt1379182","Fri Mar 17 00:00:00 2017","","","Dogtooth","Feature Film","Yorgos Lanthimos","7","7.3","94","2009","drama, thriller","51589","2009-05-18","http://www.imdb.com/title/tt1379182/"
"76","tt1599348","Fri Mar 17 00:00:00 2017","","","Safe House","Feature Film","Daniel Espinosa","7","6.8","115","2012","action, crime, mystery, thriller","175346","2012-02-07","http://www.imdb.com/title/tt1599348/"
"77","tt1907668","Fri Mar 17 00:00:00 2017","","","Flight","Feature Film","Robert Zemeckis","7","7.3","138","2012","drama, thriller","277470","2012-10-14","http://www.imdb.com/title/tt1907668/"
"78","tt1280558","Thu Mar 16 00:00:00 2017","","","A Wednesday","Feature Film","Neeraj Pandey","7","8.3","104","2008","crime, drama, mystery, thriller","52097","2008-09-05","http://www.imdb.com/title/tt1280558/"
"79","tt0127357","Thu Mar 16 00:00:00 2017","","","Who Am I?","Feature Film","Benny Chan, Jackie Chan","6","6.8","120","1998","action, adventure, comedy, sci_fi, thriller","29667","1998-01-17","http://www.imdb.com/title/tt0127357/"
"80","tt1954470","Thu Mar 16 00:00:00 2017","","","Gangs of Wasseypur","Feature Film","Anurag Kashyap","7","8.3","320","2012","action, crime, drama, thriller","53881","2012-05-22","http://www.imdb.com/title/tt1954470/"
"81","tt0477080","Thu Mar 16 00:00:00 2017","","","Unstoppable","Feature Film","Tony Scott","7","6.8","98","2010","action, thriller","158237","2010-10-26","http://www.imdb.com/title/tt0477080/"
"82","tt2119532","Tue Mar 14 00:00:00 2017","","","Hacksaw Ridge","Feature Film","Mel Gibson","8","8.2","139","2016","biography, drama, history, war","226211","2016-09-04","http://www.imdb.com/title/tt2119532/"
"83","tt3741834","Tue Mar 14 00:00:00 2017","","","Lion","Feature Film","Garth Davis","7","8.1","118","2016","biography, drama","111739","2016-09-10","http://www.imdb.com/title/tt3741834/"
"84","tt0115759","Sat Mar 11 00:00:00 2017","","","Broken Arrow","Feature Film","John Woo","7","6.0","108","1996","action, crime, thriller","80290","1996-02-05","http://www.imdb.com/title/tt0115759/"
"85","tt4975722","Tue Mar  7 00:00:00 2017","","","Moonlight","Feature Film","Barry Jenkins","7","7.5","111","2016","drama","144052","2016-09-02","http://www.imdb.com/title/tt4975722/"
"86","tt1878870","Tue Mar  7 00:00:00 2017","","","The Edge of Seventeen","Feature Film","Kelly Fremon Craig","7","7.4","104","2016","comedy, drama","51334","2016-09-16","http://www.imdb.com/title/tt1878870/"
"87","tt0409182","Sun Mar  5 00:00:00 2017","","","Poseidon","Feature Film","Wolfgang Petersen","5","5.6","98","2006","action, adventure, drama, thriller","85390","2006-05-10","http://www.imdb.com/title/tt0409182/"
"88","tt1139328","Sun Mar  5 00:00:00 2017","","","The Ghost Writer","Feature Film","Roman Polanski","7","7.2","128","2010","mystery, thriller","138483","2010-02-12","http://www.imdb.com/title/tt1139328/"
"89","tt0418279","Sun Mar  5 00:00:00 2017","","","Transformers","Feature Film","Michael Bay","6","7.1","144","2007","action, adventure, sci_fi","534259","2007-06-12","http://www.imdb.com/title/tt0418279/"
"90","tt0120616","Sun Mar  5 00:00:00 2017","","","The Mummy","Feature Film","Stephen Sommers","7","7.0","125","1999","action, adventure, fantasy","335639","1999-04-16","http://www.imdb.com/title/tt0120616/"
"91","tt0332452","Sun Mar  5 00:00:00 2017","","","Troy","Feature Film","Wolfgang Petersen","7","7.2","163","2004","action, drama, fantasy, history","407173","2004-05-09","http://www.imdb.com/title/tt0332452/"
"92","tt1013752","Sun Mar  5 00:00:00 2017","","","Fast & Furious","Feature Film","Justin Lin","6","6.6","107","2009","action, crime, thriller","219110","2009-03-12","http://www.imdb.com/title/tt1013752/"
"93","tt0232500","Sun Mar  5 00:00:00 2017","","","The Fast and the Furious","Feature Film","Rob Cohen, Mel City","7","6.7","106","2001","action, crime, thriller","291137","2001-06-18","http://www.imdb.com/title/tt0232500/"
"94","tt1570728","Sun Mar  5 00:00:00 2017","","","Crazy, Stupid, Love.","Feature Film","Glenn Ficarra, John Requa","7","7.4","118","2011","comedy, drama, romance","398582","2011-07-19","http://www.imdb.com/title/tt1570728/"
"95","tt0493464","Sun Mar  5 00:00:00 2017","","","Wanted","Feature Film","Timur Bekmambetov","6","6.7","110","2008","action, crime, fantasy, thriller","313782","2008-06-12","http://www.imdb.com/title/tt0493464/"
"96","tt0322259","Sun Mar  5 00:00:00 2017","","","2 Fast 2 Furious","Feature Film","John Singleton","6","5.9","107","2003","action, crime, thriller","207384","2003-06-03","http://www.imdb.com/title/tt0322259/"
"97","tt0448157","Sun Mar  5 00:00:00 2017","","","Hancock","Feature Film","Peter Berg","6","6.4","92","2008","action, crime, drama, fantasy","368180","2008-06-16","http://www.imdb.com/title/tt0448157/"
"98","tt1636826","Sun Mar  5 00:00:00 2017","","","Project X","Feature Film","Nima Nourizadeh","6","6.7","88","2012","comedy","164718","2012-03-01","http://www.imdb.com/title/tt1636826/"
"99","tt1231583","Sun Mar  5 00:00:00 2017","","","Due Date","Feature Film","Todd Phillips","6","6.6","95","2010","comedy, drama","284002","2010-10-31","http://www.imdb.com/title/tt1231583/"
